{"cameraMode":{"drawMode":0,"name":"Shaded","section":"Shading Mode"},"sceneLighting":true,"audioPlay":false,"sceneViewState":{"showFog":true,"showMaterialUpdate":false,"showSkybox":true,"showFlares":true,"showImageEffects":true,"showParticleSystems":true},"in2DMode":false,"pivot":{"x":6.308063983917236,"y":1.5020697116851807,"z":-0.03787219896912575},"rotation":{"x":-0.0012857784749940038,"y":-0.9742420315742493,"z":0.22544032335281373,"w":-0.005556960124522448},"size":4.710180282592773,"orthographic":false}